username,stars,title,review
JohnDoe,5,Amazing Sound Quality,"I'm absolutely impressed with the sound quality of this speaker. It's crystal clear and delivers powerful bass. Highly recommend!"
MusicLover21,4,Good Value for Money,"This speaker offers great value for the price. It's not the best on the market, but it gets the job done well. Good sound quality and easy to use."
TechGeek123,3,Decent Speaker,"The speaker is decent for its price. The sound quality is average, and it lacks some features compared to higher-end models. It's okay for casual use."
SaraSmith,2,Disappointing Performance,"I had high hopes for this speaker, but I'm disappointed with its performance. The sound is muddy, and it distorts at higher volumes. Not worth the money."
MusicFanatic,5,Perfect for Parties,"This speaker is perfect for parties! It's loud, clear, and has excellent bass. I've received so many compliments on the sound quality. Definitely worth it!"
TechSavvy23,3,Okay Speaker,"The speaker is okay. It's not the best I've heard, but it's also not the worst. Decent sound quality, but it could be better. Works fine for everyday use."
AmyJohnson,4,Compact and Portable,"I love how compact and portable this speaker is! It's perfect for taking on trips or outdoor adventures. The sound quality is surprisingly good for its size."
AlexMusic,1,Poor Build Quality,"The build quality of this speaker is terrible. It feels cheap and flimsy, and I'm worried it won't last long. Definitely not worth the price."
SoundEnthusiast,5,Outstanding Performance,"I'm blown away by the outstanding performance of this speaker! The sound quality is top-notch, and it's incredibly easy to set up and use. Highly recommend!"
TechReviewer456,2,Overhyped Product,"I don't understand the hype around this speaker. The sound quality is mediocre at best, and it's lacking in features compared to other speakers in its price range."
